{"cameraMode":{"drawMode":0,"name":"Shaded","section":"Shading Mode"},"sceneLighting":false,"audioPlay":false,"sceneViewState":{"m_AlwaysRefresh":false,"showFog":true,"showSkybox":false,"showFlares":true,"showImageEffects":true,"showParticleSystems":true,"showVisualEffectGraphs":true,"m_FxEnabled":true},"in2DMode":false,"pivot":{"x":13.899999618530274,"y":12.899999618530274,"z":-17.200000762939454},"rotation":{"x":0.25976648926734927,"y":0.6363562941551209,"z":-0.24126918613910676,"w":0.6851363182067871},"size":1.5260884761810303,"orthographic":false}